"","hydrology","season","mean_y.ng.N2ON.hr.gdw","sd_y.ng.N2ON.hr.gdw"
"1","PI","1spring",44.508606896,17.0519667773222
"2","PI","2summer",23.2435648525333,17.4938509375919
"3","PI","3fall",9.56448385786667,5.41957032977347
"4","PI","4winter",20.4796617954667,20.0623166476679
"5","SL","1spring",28.9239776817,21.2277547886547
"6","SL","2summer",26.1120272909333,11.2367536313476
"7","SL","3fall",11.239452271931,6.50204584885511
"8","SL","4winter",14.4307781097333,8.85864395199199
