"","season","mean_y.ng.N2ON.hr.gdw","sd_y.ng.N2ON.hr.gdw"
"1","1spring",34.1188540864667,21.0882832067581
"2","2summer",25.1558731448,13.5079459690779
"3","3fall",10.6684403125909,6.14303459759313
"4","4winter",16.4470726716444,13.7151485886709
