"","hydrology","mean_y.ng.N2ON.hr.gdw","sd_y.ng.N2ON.hr.gdw"
"1","PI",24.4490793504667,20.1765924568153
"2","SL",20.2516605744286,15.0838242779815
