"","hydrology","mean_ch4cmgm2hr","sd_ch4cmgm2hr","mean_co2cmgm2hr","sd_co2cmgm2hr","mean_n2onmgm2hr","sd_n2onmgm2hr"
"1","PI",83.74821744275,119.513804209811,73.6826382346333,99.3933829608998,-0.086710336105,0.24278970028153
"2","SL",2.24472389726605,9.05192675592096,4.46066955705505,43.0548492848029,-0.0080599316146789,0.121313437159823
