"","hydrology","mean_ch4cmgm2hr","sd_ch4cmgm2hr","mean_co2cmgm2hr","sd_co2cmgm2hr","mean_n2onmgm2hr","sd_n2onmgm2hr"
"1","PI",83.74821744275,119.513804209811,73.6826382346333,99.3933829608998,-0.111943079183333,0.316330235202609
"2","SL",2.00172389854167,8.65937719952818,2.06398482073333,41.9296316178697,-0.02037673555,0.135560569712217
