"","hydrology","season","mean_ch4cmgm2hr","sd_ch4cmgm2hr","mean_co2cmgm2hr","sd_co2cmgm2hr","mean_n2onmgm2hr","sd_n2onmgm2hr"
"1","PI","f",82.7471297037333,122.647904773313,47.4162961813333,29.9931503060241,-0.116790620866667,0.243312585439076
"2","PI","sm",160.239024094667,156.281560648862,165.240657548,160.783134146419,-0.196673914733333,0.446453337074307
"3","PI","sp",46.9833558668,59.3983050002516,53.3000851266667,40.7334056293225,-0.0794318808666667,0.240917467600431
"4","PI","w",45.0233601058,88.7445682644132,28.7735140825333,29.9372776717602,-0.0548759002666667,0.304630679996786
"5","SL","f",0.662505683533333,2.12776993642615,-2.64948315916667,42.7518895002958,-0.0522481336333333,0.201924211420485
"6","SL","sm",1.63091598266667,5.99950735911902,3.29259275366667,61.0862645203605,0.00301346273333333,0.129679238731815
"7","SL","sp",5.6902137191,15.7089023890113,-0.803226074466666,35.1435600928166,-0.00550078253333333,0.0579687866837795
"8","SL","w",0.0232602088666667,0.533119985715186,8.4160557629,18.5777639620093,-0.0267714887666667,0.11211256259462
