"","season","mean_ch4cmgm2hr","sd_ch4cmgm2hr","mean_co2cmgm2hr","sd_co2cmgm2hr","mean_n2onmgm2hr","sd_n2onmgm2hr"
"1","f",29.336678946907,81.1286826983762,15.9660857415116,45.3741716517843,-0.0566961556744186,0.205169828049121
"2","sm",57.0426606794651,118.350821208183,61.7695223136977,130.154633815124,-0.0249090908372093,0.156670689134515
"3","sp",20.878558803,41.9997211372241,19.052018235881,45.8262901238822,-0.0321123868095238,0.153349662504948
"4","w",16.5452897001707,56.8872025584838,18.6428137442927,23.6635865037096,-0.0298391918609756,0.194789776329371
