"","season","moist_m","moist_sd","moist_min","moist_max","ph_m","ph_sd","ph_min","ph_max","om_m","om_sd","m_min","om_max","nh4_m","nh4_sd","nh4_min","nh4_max","no3_m","no3_sd","no3_min","no3_max","cper_m","cper_sd","cper_min","cper_max","nper_m","nper_sd","nper_min","nper_max","cn_m","cn_sd","cn_min","cn_max","temp_m","temp_sd","temp_min","temp_max"
"1","f",0.355757343133333,0.0637882162479234,0.265371025,0.519415746,4.49733333333333,0.315356185621154,4.08,5.22,6.6847707632,1.443194730332,3.747011541,10.16564468,0.0983724622,0.105294449950187,0.028198766,0.45674469,0.0229146922,0.0065405270690823,0.014293655,0.034488408,1.8,0.575251497794039,0.48,2.81,0.112,0.0314415557593995,0.03,0.16,15.9489154366667,1.05192176416623,13.875,17.5625,21.3166666666667,1.18948768483787,20,24
"2","sm",0.3530926785,0.0660875802371393,0.26945245,0.480791175,4.63785714285714,0.302506924814027,4.15,5.08,6.25655898564286,1.5775542431771,4.129169129,10.09116615,0.0883394401428571,0.0479796869491527,0.03644225,0.203712313,0.0250611569285714,0.00544546482458462,0.01725476,0.037950857,1.78214285714286,0.868846968657343,0.27,3.61,0.107857142857143,0.046604484998528,0.02,0.19,16.1558544642857,1.50100939879285,13.5,19,26.5178571428571,1.76630940129381,25,30
"3","sp",0.321107345071429,0.0399862525567058,0.266643308,0.429120112,4.68571428571429,0.266218946494286,4.35,5.22,6.31629592064286,1.04447293602195,5.119607197,8.834581801,0.0845213218571429,0.0422263983127157,0.023463131,0.147661912,0.0197549039285714,0.00288903945695425,0.01618789,0.027346875,1.57142857142857,0.552642006015817,0.62,2.74,0.0978571428571429,0.0323867426411039,0.04,0.17,15.9710197128571,1.09532147836261,15,18.44444444,19.625,1.45360956560927,16.75,23
"4","w",0.293039959083333,0.0642003191961671,0.183187946,0.441298603,4.65333333333333,0.328808685279376,4.23,5.28,5.38963818158333,1.56102519939475,3.406360702,8.388616193,0.08220105175,0.0457344774447475,0.039856398,0.201234763,0.0258536090833333,0.0127994165905359,0.011571568,0.049889934,1.45666666666667,0.883971753285172,0.33,3.49,0.0941666666666667,0.0507145905728292,0.03,0.2,14.9273099583333,1.6001973854617,11,17.45,4.91666666666667,1.31137217055151,3,7
